{
  "model": "Qwen/Qwen2.5-1.5B-Instruct",
  "device": "cpu",
  "dtype": "torch.float32",
  "platform": "macOS-26.0.1-arm64-arm-64bit-Mach-O",
  "graduates_to_cost_model": false,
  "k_measured_steps": 8,
  "cells": [
    {
      "batch": 1,
      "target_context": 64,
      "realized_mean_context": 60.5,
      "decode_ms_median": 45.045208651572466,
      "decode_ms_all": [
        45.000209007412195,
        45.231124851852655,
        45.89770780876279,
        45.09020829573274,
        45.73674965649843,
        44.06408313661814,
        44.00433273985982,
        53.36495768278837,
        49.02304196730256,
        43.59275009483099,
        43.47591707482934,
        43.90795808285475,
        43.5225828550756,
        43.274750001728535,
        45.80562515184283,
        46.06774961575866
      ]
    },
    {
      "batch": 2,
      "target_context": 64,
      "realized_mean_context": 60.5,
      "decode_ms_median": 86.53210429474711,
      "decode_ms_all": [
        106.04008380323648,
        86.48308366537094,
        87.2372081503272,
        86.58112492412329,
        84.91145819425583,
        85.16062516719103,
        85.52137482911348,
        88.22641614824533,
        86.96895884349942,
        87.16624975204468,
        88.74120796099305,
        87.89204200729728,
        84.81287490576506,
        85.23970795795321,
        86.25400019809604,
        86.26766595989466
      ]
    },
    {
      "batch": 4,
      "target_context": 64,
      "realized_mean_context": 60.5,
      "decode_ms_median": 169.60029141046107,
      "decode_ms_all": [
        172.1218330785632,
        171.11949995160103,
        168.93962491303682,
        169.6272911503911,
        168.50670799613,
        170.1520001515746,
        169.57329167053103,
        167.26770903915167,
        170.6061251461506,
        170.80150032415986,
        172.31245804578066,
        170.54908303543925,
        169.19912490993738,
        169.52562471851707,
        169.41108275204897,
        167.99949994310737
      ]
    },
    {
      "batch": 1,
      "target_context": 128,
      "realized_mean_context": 124.5,
      "decode_ms_median": 42.68139530904591,
      "decode_ms_all": [
        42.992291040718555,
        42.38920891657472,
        46.69608315452933,
        42.51354094594717,
        42.6168330013752,
        43.05708408355713,
        43.11875021085143,
        43.134041130542755,
        42.9082908667624,
        42.72245801985264,
        42.07295924425125,
        42.64033259823918,
        42.61987516656518,
        44.42991595715284,
        42.519415728747845,
        42.35570877790451
      ]
    },
    {
      "batch": 2,
      "target_context": 128,
      "realized_mean_context": 124.5,
      "decode_ms_median": 87.99968706443906,
      "decode_ms_all": [
        85.61658300459385,
        91.69245883822441,
        90.60783311724663,
        88.47937500104308,
        88.36524980142713,
        86.34383277967572,
        92.47770812362432,
        91.07775008305907,
        88.0727912299335,
        87.72424980998039,
        86.0609170049429,
        85.99066687747836,
        86.35608293116093,
        87.7638328820467,
        89.98354198411107,
        87.92658289894462
      ]
    },
    {
      "batch": 4,
      "target_context": 128,
      "realized_mean_context": 124.5,
      "decode_ms_median": 175.39052059873939,
      "decode_ms_all": [
        175.2555831335485,
        175.23245932534337,
        176.3493330217898,
        174.32183306664228,
        173.2418341562152,
        176.2509997934103,
        175.79916678369045,
        175.66887475550175,
        177.05862503498793,
        175.8893746882677,
        173.02391724660993,
        172.91250033304095,
        174.6104578487575,
        176.09866615384817,
        174.79529092088342,
        175.52545806393027
      ]
    },
    {
      "batch": 1,
      "target_context": 256,
      "realized_mean_context": 252.5,
      "decode_ms_median": 44.41854124888778,
      "decode_ms_all": [
        45.64000014215708,
        44.599167071282864,
        44.31225033476949,
        44.40341563895345,
        44.31941686198115,
        44.33883307501674,
        45.937125105410814,
        44.93850003927946,
        44.24395924434066,
        44.27195806056261,
        43.805958237499,
        45.05241708829999,
        44.43366685882211,
        44.114834163337946,
        44.49170781299472,
        45.07779097184539
      ]
    },
    {
      "batch": 2,
      "target_context": 256,
      "realized_mean_context": 252.5,
      "decode_ms_median": 89.34656251221895,
      "decode_ms_all": [
        88.48320785909891,
        87.11991738528013,
        88.54120876640081,
        89.00108281522989,
        90.50420904532075,
        89.82954220846295,
        89.58075009286404,
        95.71675024926662,
        89.48195865377784,
        89.28075013682246,
        89.41237488761544,
        89.69295769929886,
        89.58974992856383,
        89.06770870089531,
        88.29075004905462,
        88.9884578064084
      ]
    },
    {
      "batch": 4,
      "target_context": 256,
      "realized_mean_context": 252.5,
      "decode_ms_median": 178.15656191669405,
      "decode_ms_all": [
        178.08333318680525,
        178.8614159449935,
        178.82254207506776,
        175.82670785486698,
        177.7140418998897,
        177.6525410823524,
        177.79387487098575,
        178.22979064658284,
        179.44891611114144,
        178.28625021502376,
        179.0717919357121,
        177.9824998229742,
        174.57645805552602,
        179.59595890715718,
        178.95945813506842,
        177.79699992388487
      ]
    }
  ]
}
