{
  "cells": [
    {
      "batch": 1,
      "target_context": 256,
      "realized_mean_context": 252.5,
      "decode_ms_median": 23.26024500000301,
      "decode_ms_all": [
        50.7615570000155,
        23.231030999994573,
        23.20723099998645,
        23.25525599999878,
        23.24769599999854,
        23.31801900001551,
        23.218834000005018,
        27.245836999981066,
        23.322381000014047,
        23.19174600000906,
        23.573251999977174,
        23.25782100001561,
        23.24210500000845,
        23.19870599998808,
        23.133448999999473,
        23.35673600001087,
        23.403595000019095,
        23.277288000002727,
        23.68168199998877,
        23.25368000001049,
        23.26266899999041,
        23.209130999987337,
        23.300581000000875,
        23.935426999997844
      ]
    },
    {
      "batch": 2,
      "target_context": 256,
      "realized_mean_context": 252.5,
      "decode_ms_median": 45.88541449999184,
      "decode_ms_all": [
        45.886913000003915,
        45.64279699999929,
        45.8423860000039,
        45.980395999976054,
        45.9608909999929,
        45.676143999997976,
        45.88331499999754,
        45.93272099998558,
        46.501801000005116,
        46.02457699999718,
        45.930375000011736,
        45.83522900000503,
        46.045944000013606,
        45.85314900000981,
        45.82679999998618,
        45.99874699999873,
        45.87735199999088,
        46.0146259999874,
        45.88391599997976,
        45.82213700001603,
        45.90457200001197,
        45.73942400000419,
        46.011687000003576,
        45.87792700002069
      ]
    },
    {
      "batch": 4,
      "target_context": 256,
      "realized_mean_context": 252.5,
      "decode_ms_median": 91.23134249998088,
      "decode_ms_all": [
        91.82560399997897,
        91.40484599998899,
        91.33635000000595,
        90.95473100001072,
        90.66090599998233,
        93.93502399998965,
        93.17562699999371,
        91.21977499998479,
        91.12434200000052,
        91.38020100002109,
        91.07338499998718,
        91.50477099998966,
        91.18257900001936,
        91.30206800000451,
        91.13094599999272,
        91.37788300000693,
        91.16103700000622,
        90.98541000000182,
        90.69509299999368,
        91.24290999997697,
        91.38930399998912,
        91.11993400000529,
        91.47437999999397,
        91.10519099999692
      ]
    },
    {
      "batch": 8,
      "target_context": 256,
      "realized_mean_context": 252.5,
      "decode_ms_median": 182.4938565000025,
      "decode_ms_all": [
        181.92240999999854,
        181.95658799999137,
        182.03879200001438,
        181.4925030000154,
        182.95062400000006,
        181.78886200001898,
        182.79330699999718,
        182.56588099998794,
        183.971420000006,
        183.24326900000187,
        183.1329720000099,
        182.5753910000003,
        184.29823600001782,
        182.85443000002033,
        183.62498700000174,
        186.151633999998,
        182.415796000015,
        182.3983349999878,
        182.11164400000257,
        182.42183200001705,
        182.05209300001002,
        182.16311700001597,
        182.01305599998818,
        183.09999999999604
      ]
    },
    {
      "batch": 1,
      "target_context": 1024,
      "realized_mean_context": 1020.5,
      "decode_ms_median": 23.410286000000724,
      "decode_ms_all": [
        23.97047799999541,
        25.676796999988483,
        23.363390000014306,
        23.415870999997423,
        23.355344999998806,
        23.478568999991012,
        23.33494000001224,
        23.692076000003226,
        23.294647999989593,
        23.543363000015916,
        23.361249000004136,
        23.40802000000508,
        23.64672400000245,
        23.591065000005074,
        23.412551999996367,
        23.202585999996472,
        23.318594999977904,
        23.630554999982678,
        23.21866099998715,
        23.462445000006937,
        23.31333900002619,
        23.551225000005616,
        23.328876000022092,
        23.176808000016536
      ]
    },
    {
      "batch": 2,
      "target_context": 1024,
      "realized_mean_context": 1020.5,
      "decode_ms_median": 46.82312949999812,
      "decode_ms_all": [
        46.49304000000143,
        47.0402869999873,
        46.756885999997166,
        47.46622700000103,
        46.851936999985355,
        47.030909000000065,
        47.16424699998356,
        46.645684999987225,
        46.713230999984034,
        47.41357800000401,
        46.9167389999825,
        47.28836399999636,
        46.53916499998445,
        46.97326500001964,
        46.524345000023004,
        47.21367400000531,
        46.49537599999576,
        46.82550000001129,
        46.801761000011766,
        46.820758999984946,
        46.318719999987934,
        47.302199000000655,
        46.52258699999834,
        46.68177299998888
      ]
    },
    {
      "batch": 4,
      "target_context": 1024,
      "realized_mean_context": 1020.5,
      "decode_ms_median": 93.03390199998773,
      "decode_ms_all": [
        92.24869400000557,
        93.27214600000389,
        92.2168749999912,
        93.9093379999747,
        94.28052999999181,
        93.52651899999387,
        92.65664599999468,
        92.81011800001693,
        93.29400499998997,
        93.71964400000365,
        93.06929199999558,
        94.05875400000241,
        92.67971399998487,
        97.66915599999493,
        92.86873199999945,
        93.14860899999644,
        92.4960879999901,
        93.83246499999132,
        92.49852399997849,
        93.81063699999004,
        92.41877799999543,
        92.99851199997988,
        92.90734600000405,
        92.79509799998209
      ]
    },
    {
      "batch": 8,
      "target_context": 1024,
      "realized_mean_context": 1020.5,
      "decode_ms_median": 186.02731299999675,
      "decode_ms_all": [
        185.6927110000015,
        186.5699129999996,
        184.7355109999853,
        186.97647100000836,
        184.8506430000043,
        185.9523999999908,
        185.64707499999145,
        185.84334300001615,
        186.89116400000216,
        186.89568099998155,
        187.3371430000077,
        187.7461870000161,
        186.3864240000055,
        186.8835720000277,
        184.87134499997637,
        185.11477900000273,
        185.09169300000394,
        186.1022260000027,
        186.8165350000197,
        186.8349149999915,
        184.98731400001134,
        188.04369399998677,
        185.62015300000212,
        185.00652400001627
      ]
    },
    {
      "batch": 1,
      "target_context": 4096,
      "realized_mean_context": 4092.5,
      "decode_ms_median": 25.202363000005334,
      "decode_ms_all": [
        25.366367999993145,
        25.373768000008567,
        25.151569000001928,
        25.38586299999679,
        25.30368000000749,
        25.42029800000023,
        25.37332900001843,
        28.11033999998358,
        25.25882399999091,
        25.12862900002233,
        25.119853000006742,
        25.319953000007445,
        24.990876000003936,
        25.124321999982158,
        25.168108000002576,
        25.14486699999452,
        25.07466399998748,
        25.881469000012203,
        25.252977999997483,
        25.236618000008093,
        25.09114800000134,
        25.141388000008646,
        24.978244999999788,
        25.107235000007222
      ]
    },
    {
      "batch": 2,
      "target_context": 4096,
      "realized_mean_context": 4092.5,
      "decode_ms_median": 50.15361200000257,